article_id,category
4763,educacao
52,turismo
7682,turismo
10292,ciencia
7435,empreendedorsocial
11092,turismo
9136,tec
2849,ciencia
6727,turismo
1376,sobretudo
8699,turismo
6976,turismo
10990,equilibrioesaude
9692,tec
8393,turismo
778,tec
9797,turismo
1596,turismo
8023,ciencia
6354,educacao
5822,turismo
7008,comida
4768,ciencia
11691,turismo
6661,comida
3507,equilibrioesaude
10640,tec
5938,empreendedorsocial
2659,empreendedorsocial
7291,ciencia
10955,equilibrioesaude
1230,educacao
5964,educacao
1127,sobretudo
4421,ciencia
11382,tec
9929,educacao
10486,equilibrioesaude
7011,educacao
5662,comida
11740,tec
3433,sobretudo
8253,tec
9798,comida
2960,sobretudo
8726,educacao
905,equilibrioesaude
4899,turismo
6818,comida
838,equilibrioesaude
2739,empreendedorsocial
3178,educacao
9933,tec
4425,educacao
3255,empreendedorsocial
2807,turismo
4628,educacao
2244,turismo
7443,tec
11933,educacao
7724,tec
10148,turismo
1046,ciencia
5315,turismo
11169,turismo
9934,turismo
8896,comida
6832,turismo
4170,ciencia
3748,ciencia
6012,educacao
11714,ciencia
332,tec
10291,turismo
8503,tec
8623,turismo
276,tec
9804,turismo
1549,ambiente
218,ciencia
9022,tec
4582,turismo
1874,turismo
3163,turismo
1229,educacao
9774,educacao
5512,empreendedorsocial
11725,tec
5988,equilibrioesaude
9091,ciencia
9946,turismo
2852,sobretudo
3667,empreendedorsocial
4846,comida
10276,educacao
2131,equilibrioesaude
8906,turismo
2936,equilibrioesaude
8339,tec
8293,turismo
10781,turismo
10627,turismo
3605,educacao
4413,educacao
8573,ciencia
1394,empreendedorsocial
1774,comida
4793,ciencia
11495,tec
2584,ambiente
1855,equilibrioesaude
6910,tec
10370,turismo
8034,ciencia
10572,educacao
10172,comida
193,turismo
7670,educacao
7333,equilibrioesaude
10747,tec
6517,empreendedorsocial
4842,sobretudo
9756,turismo
11059,equilibrioesaude
9470,comida
6238,turismo
4959,equilibrioesaude
5830,turismo
1990,tec
4890,ciencia
10924,educacao
11602,educacao
9223,comida
7541,educacao
11296,ciencia
944,sobretudo
1678,ciencia
5871,tec
4131,turismo
1721,educacao
2783,ciencia
8677,turismo
2907,turismo
1492,ciencia
4449,educacao
9062,ciencia
6139,turismo
11290,educacao
7223,ciencia
10134,educacao
5334,educacao
8207,educacao
8161,educacao
9413,turismo
8882,tec
8970,turismo
10197,tec
10696,comida
4001,tec
5035,educacao
6311,tec
6240,tec
4135,educacao
2928,ciencia
8288,comida
8047,empreendedorsocial
8205,empreendedorsocial
8193,comida
9394,tec
6980,turismo
497,ciencia
6352,educacao
6999,equilibrioesaude
4704,sobretudo
1659,tec
10980,educacao
10695,comida
1133,sobretudo
4310,sobretudo
7252,empreendedorsocial
1222,sobretudo
1425,ciencia
6512,equilibrioesaude
10896,ciencia
9202,tec
2950,sobretudo
11108,educacao
8423,educacao
898,educacao
9897,educacao
3417,ciencia
7267,ciencia
3670,sobretudo
3506,sobretudo
10597,turismo
3639,educacao
6167,tec
11952,tec
2612,ciencia
1142,equilibrioesaude
4709,sobretudo
4847,comida
4213,equilibrioesaude
7207,turismo
4164,sobretudo
11294,equilibrioesaude
1601,sobretudo
5098,equilibrioesaude
10839,tec
7036,educacao
11509,ciencia
7673,educacao
7407,educacao
1780,equilibrioesaude
2374,sobretudo
3435,sobretudo
1885,sobretudo
8146,tec
8123,turismo
4095,turismo
11779,ciencia
6221,ciencia
7134,equilibrioesaude
6686,comida
9542,equilibrioesaude
4290,ambiente
9980,educacao
2993,ciencia
6656,ciencia
5166,turismo
2532,equilibrioesaude
7477,turismo
10480,educacao
5256,tec
1788,turismo
3469,turismo
622,tec
873,educacao
6814,ciencia
1170,ambiente
4687,educacao
10982,turismo
6041,empreendedorsocial
3537,ciencia
410,tec
8577,ambiente
1896,empreendedorsocial
8194,turismo
2625,turismo
7616,equilibrioesaude
2769,sobretudo
7393,equilibrioesaude
4810,ambiente
4288,equilibrioesaude
1942,ciencia
8377,tec
8374,tec
4650,turismo
6475,turismo
2687,turismo
3761,sobretudo
11814,educacao
367,ambiente
8704,turismo
1641,educacao
11241,tec
6536,turismo
810,ciencia
5040,turismo
7790,comida
10083,turismo
1502,tec
9047,educacao
6966,educacao
11969,tec
10523,comida
6584,equilibrioesaude
10163,tec
10327,educacao
1352,ciencia
8610,tec
1049,ambiente
8174,educacao
10030,educacao
2704,equilibrioesaude
4824,educacao
5552,ciencia
11707,ciencia
4583,turismo
10450,tec
11731,tec
7365,tec
11235,tec
5447,educacao
4004,tec
6357,educacao
3734,equilibrioesaude
5076,ambiente
440,ciencia
3903,educacao
3526,tec
6329,tec
11999,tec
4882,empreendedorsocial
7077,educacao
6104,ciencia
11823,turismo
4312,sobretudo
7491,educacao
7312,educacao
1563,ciencia
10455,tec
5541,turismo
7872,tec
10621,turismo
9768,ciencia
11891,turismo
1951,sobretudo
7750,equilibrioesaude
4811,ciencia
1016,tec
5906,ciencia
3855,educacao
26,sobretudo
4431,educacao
8325,ciencia
2997,ciencia
8753,turismo
10376,tec
8169,tec
7470,empreendedorsocial
5864,turismo
9168,equilibrioesaude
8852,ciencia
10463,tec
341,educacao
8719,tec
1297,equilibrioesaude
5337,ciencia
6562,turismo
11366,tec
1302,equilibrioesaude
3222,turismo
8118,ciencia
2474,ambiente
11488,ciencia
349,turismo
518,empreendedorsocial
8694,tec
10610,ciencia
605,educacao
9294,tec
2974,sobretudo
7999,turismo
5549,turismo
3159,sobretudo
307,ciencia
6070,tec
12070,ciencia
2578,ciencia
1940,ambiente
1965,turismo
4332,tec
8973,educacao
4158,sobretudo
9921,tec
11066,tec
11614,tec
9917,tec
7065,tec
5195,educacao
1607,equilibrioesaude
5499,turismo
6622,ciencia
1622,sobretudo
5158,empreendedorsocial
7978,comida
3917,turismo
9302,ciencia
5188,educacao
5179,ciencia
11269,tec
1996,tec
8686,turismo
6741,turismo
1749,educacao
5123,ciencia
9182,ciencia
4066,sobretudo
10607,tec
8286,turismo
6744,comida
1153,turismo
10068,ciencia
4357,ciencia
11153,tec
10922,turismo
9013,turismo
10774,turismo
7248,tec
3060,sobretudo
3316,ambiente
3576,sobretudo
3516,equilibrioesaude
10851,turismo
3135,educacao
10391,equilibrioesaude
7112,educacao
4212,ciencia
4648,ciencia
10795,empreendedorsocial
4316,sobretudo
4901,equilibrioesaude
4825,ciencia
5416,educacao
2174,equilibrioesaude
6511,comida
1929,empreendedorsocial
2012,tec
6734,comida
6756,tec
4615,sobretudo
8186,tec
919,turismo
4564,empreendedorsocial
8212,educacao
10960,educacao
2327,equilibrioesaude
2526,turismo
8187,tec
1175,tec
6640,tec
785,equilibrioesaude
4758,ciencia
8582,turismo
5665,educacao
12021,comida
8861,ciencia
1757,equilibrioesaude
11219,ciencia
6982,tec
1570,sobretudo
2623,tec
10697,turismo
5701,tec
274,tec
983,educacao
4688,educacao
9252,educacao
5513,empreendedorsocial
3129,sobretudo
11954,educacao
2389,empreendedorsocial
2052,empreendedorsocial
9444,tec
10638,ambiente
242,educacao
2303,sobretudo
5719,tec
11376,comida
1403,sobretudo
1474,turismo
2054,educacao
3555,equilibrioesaude
2653,turismo
3772,turismo
7793,equilibrioesaude
3938,ciencia
6839,sobretudo
3302,tec
3136,sobretudo
6159,ciencia
1516,sobretudo
10387,educacao
5634,tec
7085,empreendedorsocial
5011,empreendedorsocial
3382,equilibrioesaude
1948,sobretudo
191,turismo
11700,tec
1623,sobretudo
10885,tec
7050,educacao
10909,turismo
10852,educacao
3803,educacao
10650,tec
3509,sobretudo
7051,ciencia
7032,turismo
10188,tec
10421,educacao
9306,turismo
10937,ciencia
9419,ciencia
9023,empreendedorsocial
1238,ciencia
7418,comida
10271,educacao
5198,equilibrioesaude
9705,ciencia
2020,tec
1039,sobretudo
11315,tec
8723,comida
4262,educacao
1180,ciencia
3335,sobretudo
3692,educacao
11283,ciencia
4187,empreendedorsocial
2189,tec
2673,sobretudo
11784,comida
11663,tec
8872,sobretudo
2575,turismo
6548,tec
6939,educacao
7198,educacao
947,sobretudo
3590,equilibrioesaude
11771,tec
2645,ciencia
1413,ciencia
9020,tec
3751,tec
5557,equilibrioesaude
11119,tec
12050,ciencia
11476,educacao
1143,equilibrioesaude
4760,ciencia
6434,ciencia
2400,tec
8001,tec
5054,turismo
6121,educacao
6710,educacao
8153,comida
8475,turismo
12134,comida
9612,tec
9021,empreendedorsocial
911,empreendedorsocial
1457,turismo
1845,sobretudo
9472,educacao
9998,educacao
4167,tec
2632,turismo
6524,educacao
6880,educacao
1294,educacao
972,equilibrioesaude
8381,tec
9358,tec
8971,ciencia
11064,tec
1978,ciencia
821,turismo
2368,ciencia
8132,tec
6792,tec
6844,educacao
6904,comida
1967,turismo
6419,turismo
8737,equilibrioesaude
8366,turismo
6894,ciencia
3313,equilibrioesaude
6547,tec
10555,tec
5792,ciencia
4238,sobretudo
806,ambiente
7151,comida
7744,empreendedorsocial
4645,equilibrioesaude
3698,ciencia
2670,sobretudo
1619,sobretudo
8674,educacao
9947,ciencia
6816,tec
9730,sobretudo
6275,comida
4314,sobretudo
3309,equilibrioesaude
6293,turismo
5141,empreendedorsocial
9956,educacao
3345,educacao
1019,educacao
2491,sobretudo
139,empreendedorsocial
5263,educacao
4775,equilibrioesaude
9439,equilibrioesaude
3669,sobretudo
5644,tec
5397,educacao
4192,turismo
1108,ambiente
8081,tec
10595,tec
7518,ciencia
11033,tec
10433,tec
10736,equilibrioesaude
8611,tec
5796,tec
9253,educacao
9948,educacao
4833,comida
1271,sobretudo
2543,sobretudo
3932,tec
8122,tec
1999,sobretudo
11737,tec
1025,ambiente
3661,sobretudo
1998,ciencia
3838,educacao
10415,tec
7962,turismo
8383,tec
2652,equilibrioesaude
6643,comida
10965,tec
9675,educacao
3121,ciencia
8986,sobretudo
7199,tec
2049,empreendedorsocial
8916,educacao
10840,ciencia
2329,educacao
11629,comida
6462,turismo
870,empreendedorsocial
4832,comida
7840,tec
11121,educacao
11786,comida
2691,turismo
11800,turismo
8598,tec
7013,educacao
1069,empreendedorsocial
5894,ambiente
5962,turismo
11536,tec
10528,tec
3437,sobretudo
6076,tec
8588,turismo
3422,ciencia
9349,turismo
4198,sobretudo
1758,empreendedorsocial
6795,tec
7215,educacao
9769,comida
2607,ciencia
10191,empreendedorsocial
3028,ciencia
7017,turismo
312,sobretudo
1742,empreendedorsocial
3923,empreendedorsocial
2866,sobretudo
5987,tec
10733,educacao
10090,tec
11942,ciencia
7569,turismo
4649,ciencia
4179,ciencia
7254,educacao
4227,sobretudo
3628,educacao
971,ciencia
2784,equilibrioesaude
6812,tec
11288,tec
9650,turismo
5481,ciencia
8375,educacao
2505,ciencia
7109,educacao
3487,educacao
1214,sobretudo
7046,educacao
11990,ciencia
1670,equilibrioesaude
573,educacao
6789,comida
4346,equilibrioesaude
5326,educacao
7977,comida
10363,tec
10273,tec
2168,ciencia
5283,educacao
6933,educacao
8416,tec
11072,comida
2615,ciencia
11389,tec
10401,ciencia
3919,turismo
5522,equilibrioesaude
3361,educacao
11217,tec
8033,tec
10101,equilibrioesaude
660,educacao
11622,ciencia
6058,empreendedorsocial
8681,turismo
305,equilibrioesaude
3393,turismo
2014,ciencia
11998,ciencia
11983,educacao
1121,empreendedorsocial
6620,educacao
2316,sobretudo
5799,comida
3387,sobretudo
10949,ciencia
575,empreendedorsocial
9475,tec
8098,tec
1066,equilibrioesaude
3611,turismo
11135,comida
8513,tec
1450,turismo
12096,educacao
890,ambiente
563,sobretudo
302,equilibrioesaude
6477,comida
4797,ciencia
8246,turismo
424,turismo
11456,turismo
11766,turismo
10613,turismo
6225,ciencia
6564,turismo
1727,sobretudo
8401,turismo
9500,empreendedorsocial
8099,tec
569,ambiente
4209,turismo
8110,empreendedorsocial
1333,sobretudo
9775,tec
10634,comida
2185,educacao
10017,educacao
8191,tec
5301,comida
998,turismo
4930,empreendedorsocial
5683,ciencia
7318,tec
4048,educacao
11097,turismo
11920,tec
2113,turismo
10705,ciencia
2336,equilibrioesaude
2067,equilibrioesaude
2219,empreendedorsocial
6226,comida
11173,educacao
11745,comida
4329,educacao
4728,ciencia
214,turismo
4917,turismo
5268,educacao
2233,ciencia
4964,tec
9061,educacao
11355,turismo
5835,ciencia
10316,educacao
449,ciencia
11639,tec
3961,sobretudo
3709,turismo
10912,tec
4652,turismo
4826,equilibrioesaude
1639,educacao
3500,equilibrioesaude
5667,ciencia
6936,educacao
10353,educacao
10443,turismo
123,sobretudo
177,turismo
1889,ciencia
11874,tec
4692,tec
10926,equilibrioesaude
9159,tec
3299,equilibrioesaude
262,turismo
7537,turismo
6990,educacao
5699,comida
12131,comida
854,turismo
3249,educacao
7605,educacao
9494,ciencia
7654,educacao
6927,turismo
10735,ciencia
3445,sobretudo
9527,educacao
2079,educacao
1488,ciencia
9293,educacao
1190,ambiente
2058,equilibrioesaude
6370,tec
233,ambiente
5670,empreendedorsocial
10119,comida
647,tec
11194,tec
10804,tec
5387,educacao
3818,turismo
8832,ciencia
6377,tec
6899,tec
1083,equilibrioesaude
3194,sobretudo
970,tec
5118,turismo
5823,educacao
4843,comida
10240,turismo
11234,comida
1840,sobretudo
6898,turismo
9753,turismo
10522,comida
10139,ambiente
2027,equilibrioesaude
5444,turismo
5494,equilibrioesaude
2306,educacao
6180,empreendedorsocial
10931,ciencia
601,equilibrioesaude
12139,ciencia
9459,turismo
1609,turismo
5697,educacao
7110,ambiente
5752,tec
1287,turismo
11477,equilibrioesaude
3508,sobretudo
10216,ciencia
6604,tec
192,equilibrioesaude
2640,equilibrioesaude
1195,empreendedorsocial
7243,tec
7303,empreendedorsocial
4040,tec
11244,ciencia
3597,ambiente
3865,sobretudo
2424,empreendedorsocial
11805,tec
8144,comida
4712,sobretudo
9319,tec
7946,educacao
784,educacao
9822,tec
4019,turismo
10988,tec
9976,turismo
10388,equilibrioesaude
9603,turismo
3887,tec
2412,educacao
7766,turismo
10642,tec
5633,tec
5297,turismo
3807,tec
436,empreendedorsocial
1447,sobretudo
8313,ciencia
6952,tec
10075,turismo
5228,tec
4009,ciencia
5386,turismo
1120,tec
4948,empreendedorsocial
11118,tec
737,ambiente
2801,equilibrioesaude
5041,turismo
3455,tec
6115,equilibrioesaude
501,ciencia
11662,tec
2991,equilibrioesaude
9280,tec
755,educacao
11361,turismo
9287,educacao
1887,educacao
4970,equilibrioesaude
11652,comida
10880,educacao
5219,turismo
51,turismo
12053,educacao
1102,turismo
9508,turismo
1982,tec
699,educacao
5657,equilibrioesaude
11262,tec
10520,sobretudo
11089,tec
3383,educacao
2420,ciencia
1345,sobretudo
3641,educacao
1849,sobretudo
405,tec
6231,empreendedorsocial
9048,empreendedorsocial
158,sobretudo
10603,educacao
1443,sobretudo
10326,educacao
9895,turismo
10508,empreendedorsocial
11264,comida
255,ciencia
7042,tec
3045,educacao
4392,turismo
12077,tec
5092,ciencia
6435,tec
7108,ciencia
6095,tec
12119,educacao
3524,tec
11876,tec
8429,comida
11677,turismo
7656,empreendedorsocial
4872,sobretudo
5776,empreendedorsocial
1518,sobretudo
11897,comida
11038,ciencia
1989,tec
9611,tec
8886,educacao
4461,ciencia
9657,educacao
6890,comida
6025,ciencia
8214,comida
8054,turismo
402,ciencia
5401,educacao
2285,sobretudo
2954,equilibrioesaude
11666,tec
7280,empreendedorsocial
1480,turismo
9573,educacao
1273,educacao
11491,equilibrioesaude
9588,turismo
1934,empreendedorsocial
3511,sobretudo
5870,tec
10089,empreendedorsocial
2797,ciencia
1373,empreendedorsocial
393,sobretudo
2148,educacao
5656,empreendedorsocial
7984,tec
2155,equilibrioesaude
931,comida
9616,turismo
2254,empreendedorsocial
5096,educacao
5711,tec
6670,ciencia
76,ciencia
5111,empreendedorsocial
2796,ciencia
8190,educacao
10418,tec
9711,turismo
8000,tec
10574,tec
6088,tec
7202,educacao
8645,equilibrioesaude
7727,empreendedorsocial
5685,turismo
4604,tec
7745,educacao
9931,tec
5310,empreendedorsocial
6102,tec
10794,ciencia
6586,turismo
2350,ciencia
756,turismo
3774,sobretudo
10283,tec
9690,comida
8018,empreendedorsocial
5517,empreendedorsocial
5751,turismo
3259,educacao
3840,educacao
11738,tec
2103,equilibrioesaude
849,equilibrioesaude
1162,tec
6718,sobretudo
11354,turismo
345,empreendedorsocial
11636,comida
4539,ciencia
12000,equilibrioesaude
7372,empreendedorsocial
1336,turismo
9128,empreendedorsocial
599,equilibrioesaude
8254,tec
7442,ciencia
8097,comida
3083,ambiente
10238,turismo
5449,educacao
9554,tec
6253,comida
4011,comida
8142,ciencia
10092,educacao
990,turismo
142,empreendedorsocial
136,turismo
6222,tec
2765,turismo
149,ciencia
3183,empreendedorsocial
3833,ciencia
12020,educacao
8922,educacao
9085,empreendedorsocial
5109,turismo
6411,empreendedorsocial
7297,educacao
4801,equilibrioesaude
1078,equilibrioesaude
2894,equilibrioesaude
993,empreendedorsocial
9856,turismo
8526,tec
8140,comida
1024,equilibrioesaude
10293,ciencia
11441,turismo
4665,educacao
455,ciencia
1075,ciencia
3338,sobretudo
10854,equilibrioesaude
2265,educacao
3081,ciencia
8414,tec
1259,empreendedorsocial
5838,tec
1326,sobretudo
2232,equilibrioesaude
4390,equilibrioesaude
9834,comida
9143,comida
7676,tec
11229,educacao
1076,equilibrioesaude
12113,comida
10434,tec
3780,sobretudo
4255,empreendedorsocial
702,tec
6476,equilibrioesaude
4195,turismo
10305,turismo
4382,tec
5652,tec
1251,ciencia
5359,educacao
8306,tec
11724,tec
4685,empreendedorsocial
10235,turismo
4143,sobretudo
10911,tec
3908,ciencia
9677,turismo
4032,ciencia
406,ambiente
10771,tec
10374,tec
1578,ambiente
629,sobretudo
1422,equilibrioesaude
1252,educacao
1384,ambiente
11168,tec
8505,turismo
6077,ciencia
10315,comida
607,equilibrioesaude
4946,equilibrioesaude
8619,tec
2191,equilibrioesaude
9080,equilibrioesaude
9676,educacao
8289,educacao
10559,tec
2434,educacao
4499,comida
9495,educacao
10225,comida
4379,turismo
10806,turismo
728,sobretudo
8592,tec
4572,educacao
8799,turismo
3212,empreendedorsocial
7968,ciencia
11220,educacao
11587,educacao
3781,tec
7566,turismo
5462,educacao
7799,turismo
10425,turismo
3579,sobretudo
265,turismo
4998,empreendedorsocial
275,ciencia
7447,turismo
11981,educacao
10828,comida
578,sobretudo
12112,equilibrioesaude
6501,ciencia
1423,educacao
535,ambiente
6930,educacao
2302,educacao
1546,empreendedorsocial
6853,tec
6432,ambiente
12102,equilibrioesaude
7324,educacao
1197,sobretudo
4471,tec
9875,comida
11813,ciencia
4697,equilibrioesaude
1138,equilibrioesaude
3760,sobretudo
7898,ciencia
4492,ciencia
7242,comida
967,ambiente
8722,ciencia
10056,comida
11794,comida
3809,turismo
12075,comida
9461,tec
8271,turismo
840,ambiente
6944,educacao
1241,turismo
2938,educacao
11778,ciencia
743,empreendedorsocial
1052,ciencia
7539,educacao
1612,sobretudo
1393,ambiente
3910,educacao
11240,tec
8418,tec
3892,educacao
10112,turismo
11840,tec
4296,sobretudo
9366,equilibrioesaude
11471,tec
8733,tec
5920,tec
8738,equilibrioesaude
4737,turismo
3330,sobretudo
10681,ciencia
7246,ciencia
4876,comida
1526,equilibrioesaude
359,educacao
4986,turismo
1541,tec
10120,equilibrioesaude
7455,tec
1056,turismo
9225,tec
4398,tec
5961,turismo
4957,ciencia
10000,educacao
4584,equilibrioesaude
2787,turismo
8255,comida
8067,comida
11372,turismo
3078,equilibrioesaude
10500,empreendedorsocial
5324,tec
3811,educacao
827,sobretudo
6854,ambiente
2946,sobretudo
8415,tec
310,sobretudo
11576,turismo
8512,tec
11795,educacao
11709,comida
553,empreendedorsocial
5289,empreendedorsocial
7880,turismo
10916,educacao
1665,tec
1880,empreendedorsocial
10726,tec
10243,turismo
912,tec
2314,educacao
2821,equilibrioesaude
11556,comida
8055,turismo
11143,tec
3582,educacao
7188,educacao
8199,turismo
8868,tec
9442,tec
5595,comida
11809,educacao
2213,equilibrioesaude
3502,sobretudo
9386,turismo
5531,equilibrioesaude
1146,tec
8640,equilibrioesaude
5492,ciencia
3322,ambiente
5819,turismo
9577,educacao
11958,educacao
3601,tec
8529,ciencia
5856,tec
3215,educacao
8543,tec
3054,sobretudo
12101,ciencia
8965,tec
11992,ciencia
10521,educacao
1676,equilibrioesaude
11564,tec
7598,educacao
11247,tec
10151,turismo
3797,ciencia
7698,comida
857,turismo
5065,tec
1475,turismo
55,turismo
1797,tec
10831,educacao
10536,ciencia
9312,turismo
9881,tec
2158,turismo
3736,equilibrioesaude
8926,tec
10043,educacao
5983,turismo
2622,equilibrioesaude
7940,equilibrioesaude
7963,turismo
6280,tec
7092,educacao
6518,empreendedorsocial
4787,sobretudo
7263,educacao
9925,ciencia
8981,tec
4566,equilibrioesaude
4893,empreendedorsocial
3821,equilibrioesaude
9752,turismo
10525,tec
1631,equilibrioesaude
3675,equilibrioesaude
5999,tec
6537,educacao
3882,educacao
9988,educacao
2893,sobretudo
6065,tec
6544,tec
1084,educacao
8662,tec
1818,tec
10756,equilibrioesaude
6606,comida
8256,tec
3360,educacao
483,turismo
1404,turismo
9544,ambiente
10738,educacao
4796,ciencia
7141,ciencia
6684,ciencia
2602,sobretudo
9567,educacao
5000,tec
628,sobretudo
6617,educacao
10098,tec
9214,tec
10267,comida
6540,equilibrioesaude
478,empreendedorsocial
427,turismo
4729,equilibrioesaude
8420,tec
1289,turismo
145,ciencia
3483,ciencia
9961,educacao
8793,tec
10687,comida
9960,equilibrioesaude
3367,empreendedorsocial
7047,educacao
3782,educacao
2042,empreendedorsocial
4689,turismo
593,turismo
6117,tec
3049,sobretudo
9876,ciencia
11036,turismo
2820,equilibrioesaude
2159,turismo
326,sobretudo
8424,tec
9782,turismo
1041,sobretudo
10579,tec
4789,tec
4026,ciencia
7789,tec
2123,tec
10807,educacao
1906,turismo
9818,educacao
8745,equilibrioesaude
3085,equilibrioesaude
5627,ciencia
1656,sobretudo
9113,ciencia
8079,educacao
6897,tec
9978,comida
3042,educacao
3243,sobretudo
9986,tec
1117,tec
2465,ciencia
11174,equilibrioesaude
2432,turismo
900,sobretudo
11851,tec
4466,empreendedorsocial
9258,educacao
9644,educacao
3750,tec
3789,ciencia
6094,tec
8881,tec
504,educacao
4653,turismo
11040,tec
10755,educacao
6170,tec
2695,educacao
1092,turismo
8062,turismo
8514,equilibrioesaude
58,turismo
4232,equilibrioesaude
8126,comida
4067,sobretudo
7402,educacao
11465,tec
6605,tec
4161,sobretudo
6707,ciencia
11365,tec
6988,ciencia
9721,tec
2337,turismo
11907,equilibrioesaude
4799,turismo
3905,tec
10661,educacao
86,sobretudo
7082,educacao
4856,sobretudo
7545,educacao
6004,tec
8308,turismo
2498,sobretudo
5250,equilibrioesaude
6582,comida
2516,equilibrioesaude
10893,comida
9509,turismo
2118,empreendedorsocial
9584,equilibrioesaude
8782,turismo
36,empreendedorsocial
9449,empreendedorsocial
7496,educacao
7028,turismo
2330,educacao
675,equilibrioesaude
8048,equilibrioesaude
4878,comida
10869,tec
4895,comida
11073,comida
3489,educacao
11297,turismo
8554,turismo
10204,educacao
1740,tec
2935,empreendedorsocial
8696,comida
4194,turismo
3552,empreendedorsocial
3729,tec
7875,turismo
1741,educacao
585,turismo
3091,turismo
3868,sobretudo
5546,educacao
6938,educacao
5108,turismo
11888,educacao
5637,tec
707,tec
1640,educacao
7967,educacao
5785,tec
10099,educacao
3452,educacao
1682,sobretudo
6365,ciencia
4966,tec
9949,educacao
11304,equilibrioesaude
10193,comida
6678,tec
5604,comida
6948,educacao
4979,turismo
4365,sobretudo
5017,educacao
7571,turismo
5220,turismo
338,educacao
11455,tec
4830,empreendedorsocial
6030,tec
9482,comida
8155,educacao
12016,tec
11486,tec
2999,turismo
250,ciencia
9124,turismo
8884,comida
833,sobretudo
5361,educacao
6866,ciencia
11816,ciencia
9903,equilibrioesaude
8163,turismo
2757,sobretudo
1043,tec
1533,turismo
1566,educacao
7093,ciencia
7421,equilibrioesaude
881,tec
113,turismo
7332,equilibrioesaude
8834,tec
5954,tec
580,equilibrioesaude
1949,sobretudo
4950,turismo
7224,tec
10367,tec
2360,ciencia
4371,sobretudo
5852,tec
47,turismo
11744,turismo
5537,equilibrioesaude
2156,turismo
10153,tec
2793,empreendedorsocial
1730,turismo
1700,sobretudo
5128,educacao
6631,educacao
8739,ambiente
570,turismo
3197,equilibrioesaude
7014,tec
5487,educacao
8265,tec
4702,turismo
10601,educacao
2495,sobretudo
8481,turismo
9699,ciencia
5400,educacao
5749,tec
4265,turismo
2295,comida
2061,ciencia
8456,tec
1367,educacao
8092,educacao
885,turismo
5696,comida
3535,turismo
11218,educacao
10324,ciencia
5,ciencia
9248,tec
11438,educacao
2693,tec
8708,educacao
8536,educacao
3491,empreendedorsocial
7761,empreendedorsocial
1910,turismo
3696,sobretudo
11413,tec
7909,empreendedorsocial
1712,comida
3795,equilibrioesaude
8860,ciencia
8012,educacao
1922,equilibrioesaude
1445,sobretudo
4610,equilibrioesaude
4637,ciencia
4623,sobretudo
246,ciencia
5985,comida
9311,ciencia
566,equilibrioesaude
12044,ciencia
12061,tec
5722,ciencia
4984,turismo
8277,tec
6200,tec
9871,educacao
2382,sobretudo
10531,tec
7697,tec
9014,turismo
9757,empreendedorsocial
1862,empreendedorsocial
12014,ciencia
750,equilibrioesaude
5350,turismo
11826,turismo
8551,tec
987,educacao
11810,ciencia
1494,ambiente
1298,empreendedorsocial
5866,comida
3828,equilibrioesaude
7033,ciencia
4802,educacao
7828,educacao
11142,tec
8599,tec
8770,tec
3000,turismo
8964,tec
3127,sobretudo
2257,equilibrioesaude
7932,equilibrioesaude
5403,turismo
7498,tec
3090,ambiente
5837,turismo
2724,turismo
9171,tec
4705,ciencia
9042,tec
1262,educacao
2601,educacao
1022,empreendedorsocial
4507,educacao
9414,turismo
10445,tec
1981,tec
5290,equilibrioesaude
934,empreendedorsocial
9371,ciencia
6367,tec
7892,educacao
5410,tec
6558,tec
12049,tec
10038,educacao
7015,equilibrioesaude
11160,turismo
3023,turismo
6669,turismo
9714,educacao
386,tec
10647,ambiente
2190,empreendedorsocial
2056,equilibrioesaude
6284,educacao
5648,tec
8928,tec
5520,ciencia
10169,turismo
3254,educacao
9345,tec
6962,turismo
380,ambiente
7189,educacao
4981,turismo
5765,tec
1420,ciencia
8080,tec
5200,educacao
3604,educacao
5244,equilibrioesaude
6337,tec
2501,sobretudo
4594,empreendedorsocial
7136,educacao
7560,equilibrioesaude
3389,ciencia
7536,tec
9142,educacao
7175,turismo
6889,ciencia
8468,tec
1250,tec
9032,educacao
5613,turismo
10128,educacao
6790,equilibrioesaude
4945,tec
6433,tec
4596,empreendedorsocial
6451,tec
720,tec
5496,ciencia
559,equilibrioesaude
7832,educacao
7677,empreendedorsocial
6248,turismo
57,turismo
375,equilibrioesaude
6375,ciencia
9396,tec
3777,sobretudo
5453,educacao
2701,empreendedorsocial
10066,educacao
652,ambiente
3758,ciencia
4061,ciencia
2480,sobretudo
7851,tec
4717,sobretudo
11024,tec
2988,equilibrioesaude
2482,tec
9593,educacao
4839,educacao
11812,tec
5944,ciencia
7838,tec
8842,equilibrioesaude
5650,equilibrioesaude
8066,turismo
4050,turismo
11099,turismo
5317,tec
1630,educacao
10663,educacao
6410,turismo
6409,comida
5779,educacao
3084,tec
4643,equilibrioesaude
2529,turismo
5259,educacao
8507,turismo
4777,sobretudo
9728,ambiente
4098,turismo
6709,tec
11554,tec
7266,empreendedorsocial
4540,educacao
9120,turismo
198,equilibrioesaude
8266,turismo
1594,turismo
9890,educacao
533,sobretudo
3714,sobretudo
509,equilibrioesaude
8654,tec
5617,turismo
4133,tec
5842,empreendedorsocial
10106,educacao
11011,tec
978,tec
6204,educacao
11921,comida
10442,turismo
1707,sobretudo
1979,ciencia
6912,comida
11787,educacao
777,tec
171,sobretudo
1485,ciencia
10325,tec
5784,ciencia
11093,ciencia
928,empreendedorsocial
132,sobretudo
5943,ciencia
8653,ambiente
2448,tec
10105,equilibrioesaude
6636,tec
1736,turismo
10629,turismo
9257,tec
5429,ciencia
1257,ambiente
4456,sobretudo
2931,turismo
3585,sobretudo
4305,sobretudo
2700,ciencia
2203,turismo
2215,tec
11091,tec
433,tec
4892,ciencia
9447,tec
4510,empreendedorsocial
1831,sobretudo
4266,turismo
3623,ciencia
5165,turismo
3131,sobretudo
2774,educacao
5047,ciencia
4511,comida
8824,tec
2880,ambiente
6393,turismo
9709,tec
6784,ciencia
640,sobretudo
11741,tec
6608,tec
10437,comida
7973,comida
6630,educacao
3587,sobretudo
5455,educacao
2292,educacao
7796,turismo
796,empreendedorsocial
10888,turismo
256,educacao
8127,ciencia
7197,educacao
2740,turismo
9007,turismo
3993,equilibrioesaude
5286,ciencia
3466,sobretudo
7339,educacao
1539,educacao
6560,comida
10348,educacao
5328,equilibrioesaude
7546,educacao
5279,educacao
11560,tec
8197,educacao
4406,empreendedorsocial
5762,educacao
1178,educacao
9598,turismo
321,sobretudo
6921,educacao
5717,comida
12143,turismo
3376,tec
2813,empreendedorsocial
6227,turismo
4027,educacao
5471,tec
5319,turismo
10566,empreendedorsocial
2237,empreendedorsocial
4447,sobretudo
10878,sobretudo
8109,tec
6174,educacao
8400,tec
2036,ciencia
3685,ciencia
7352,educacao
3444,sobretudo
6360,educacao
320,sobretudo
3521,ciencia
10510,tec
11973,turismo
7269,equilibrioesaude
4673,educacao
10857,educacao
4794,turismo
7482,turismo
6368,empreendedorsocial
7510,ciencia
7509,comida
2902,ciencia
10492,ambiente
3580,turismo
9177,educacao
7058,turismo
1930,ciencia
2549,sobretudo
1860,ciencia
9205,tec
700,equilibrioesaude
9477,turismo
2977,educacao
3375,sobretudo
4489,ciencia
6060,tec
6737,turismo
1557,equilibrioesaude
6908,tec
4100,ciencia
7034,educacao
4942,educacao
309,ciencia
5572,equilibrioesaude
4140,ciencia
7586,comida
10474,tec
9493,equilibrioesaude
3175,sobretudo
2301,sobretudo
11854,equilibrioesaude
6753,empreendedorsocial
6199,turismo
8094,comida
1918,educacao
6175,comida
625,sobretudo
2393,ciencia
2660,educacao
8556,educacao
8561,comida
3169,educacao
10585,educacao
10944,educacao
10899,ciencia
9878,comida
8237,tec
2463,sobretudo
6447,educacao
10741,tec
3154,sobretudo
8059,turismo
5808,tec
6064,comida
10006,ambiente
5917,empreendedorsocial
10331,educacao
4530,turismo
1191,ciencia
5770,empreendedorsocial
8302,ciencia
7037,empreendedorsocial
6751,educacao
1188,ambiente
4341,turismo
8279,empreendedorsocial
4307,sobretudo
6749,turismo
53,turismo
3149,ciencia
1669,equilibrioesaude
7655,turismo
1007,ciencia
5106,educacao
9762,turismo
6871,turismo
1734,educacao
7599,educacao
1701,ciencia
5077,ambiente
10310,educacao
5160,turismo
2256,empreendedorsocial
4640,tec
2018,ciencia
6358,educacao
10846,tec
638,sobretudo
8589,tec
9770,turismo
10025,educacao
2745,educacao
3968,educacao
2041,equilibrioesaude
5996,educacao
11688,turismo
4235,sobretudo
11776,educacao
2626,ambiente
651,sobretudo
5936,tec
11635,tec
3603,educacao
2651,educacao
9034,equilibrioesaude
3653,tec
2133,ciencia
10838,ciencia
8807,educacao
5281,educacao
6305,turismo
7611,tec
5972,tec
1791,turismo
6219,tec
2768,sobretudo
530,educacao
5344,tec
8698,tec
577,empreendedorsocial
10495,ciencia
7581,educacao
2705,ciencia
11346,comida
7465,tec
3239,sobretudo
2081,educacao
4536,educacao
1274,tec
4094,turismo
12034,comida
12045,tec
3784,equilibrioesaude
3467,turismo
12093,educacao
4752,ciencia
5959,turismo
10147,empreendedorsocial
389,tec
4586,educacao
5690,tec
3462,ambiente
1833,sobretudo
6011,turismo
2356,ciencia
8920,tec
5411,educacao
3013,empreendedorsocial
11956,educacao
8203,tec
10639,tec
1662,ciencia
5914,tec
5815,turismo
1765,ciencia
7943,turismo
6845,turismo
46,tec
8783,turismo
6926,educacao
1330,educacao
3920,turismo
10889,equilibrioesaude
9836,educacao
9145,tec
1204,comida
5351,educacao
8342,equilibrioesaude
6361,educacao
5438,educacao
3027,equilibrioesaude
11463,ambiente
1816,ambiente
762,equilibrioesaude
9392,comida
3320,tec
8202,empreendedorsocial
1296,tec
10737,equilibrioesaude
5563,tec
10782,turismo
412,ambiente
6008,equilibrioesaude
1935,empreendedorsocial
9059,ciencia
8461,empreendedorsocial
10239,turismo
9795,comida
10928,ciencia
9974,turismo
9654,tec
11155,equilibrioesaude
4769,tec
3464,empreendedorsocial
8348,tec
7009,tec
10524,comida
4311,sobretudo
3089,equilibrioesaude
8217,turismo
8410,equilibrioesaude
9586,educacao
1424,empreendedorsocial
4606,educacao
4936,ciencia
6998,tec
4460,tec
1171,educacao
285,educacao
2396,ciencia
10657,turismo
4345,turismo
952,sobretudo
8450,tec
9894,tec
11025,educacao
1898,educacao
10410,tec
7849,tec
9102,tec
1904,turismo
7203,educacao
3847,educacao
11502,tec
2508,tec
9243,tec
8580,turismo
6228,turismo
1410,ciencia
6521,ciencia
1112,ambiente
1886,sobretudo
3266,educacao
2865,sobretudo
11472,comida
253,equilibrioesaude
10302,ciencia
6383,turismo
3399,empreendedorsocial
11076,comida
8350,tec
11571,educacao
8528,ciencia
2034,turismo
4609,ciencia
1970,ciencia
3846,turismo
8434,comida
4056,educacao
10094,comida
9105,turismo
591,turismo
6505,educacao
8993,tec
11582,equilibrioesaude
9318,educacao
3352,empreendedorsocial
10570,educacao
5712,tec
10347,empreendedorsocial
6333,ciencia
10583,tec
6801,turismo
7579,educacao
3974,sobretudo
6886,tec
3073,ambiente
11908,educacao
485,turismo
7476,turismo
8531,educacao
2140,educacao
6331,educacao
6777,ciencia
7913,turismo
10221,turismo
5687,ciencia
1689,sobretudo
2063,educacao
12130,comida
7165,tec
688,educacao
7152,tec
10039,ciencia
3850,ciencia
797,equilibrioesaude
3329,equilibrioesaude
7300,tec
9765,educacao
842,turismo
10206,educacao
7802,turismo
3642,educacao
4644,equilibrioesaude
9880,tec
9800,tec
11624,ciencia
2914,educacao
6619,educacao
6310,comida
10259,tec
1772,educacao
8839,educacao
8903,educacao
7132,educacao
11822,turismo
4740,educacao
6290,turismo
2535,ciencia
10377,educacao
4436,sobretudo
1760,ciencia
6717,ciencia
7160,educacao
11111,educacao
4524,sobretudo
9968,ciencia
8359,tec
3715,sobretudo
6755,tec
7904,comida
10406,comida
672,empreendedorsocial
7474,tec
3810,turismo
4081,turismo
10981,turismo
1671,equilibrioesaude
11940,tec
11906,equilibrioesaude
6607,educacao
7411,turismo
2834,equilibrioesaude
6469,ciencia
589,turismo
10823,comida
6567,turismo
5309,ciencia
10992,tec
7502,tec
112,turismo
805,equilibrioesaude
7153,sobretudo
2890,educacao
9623,tec
3117,educacao
4845,comida
4741,ciencia
4486,educacao
6418,tec
7782,educacao
6752,empreendedorsocial
8870,tec
921,turismo
8743,educacao
3162,sobretudo
7453,equilibrioesaude
2878,ciencia
3044,turismo
7768,tec
179,educacao
7124,tec
1823,ambiente
2504,turismo
4608,tec
2321,equilibrioesaude
7994,tec
11927,turismo
2507,ciencia
3648,ciencia
5532,empreendedorsocial
8437,equilibrioesaude
6551,educacao
2485,tec
3646,educacao
2116,turismo
3448,ciencia
7700,comida
11589,educacao
2471,equilibrioesaude
4512,equilibrioesaude
11432,tec
11847,equilibrioesaude
9156,tec
7245,turismo
11254,educacao
8331,educacao
3315,educacao
7966,educacao
11844,comida
9698,educacao
9382,educacao
8363,turismo
10538,ciencia
2952,sobretudo
9582,educacao
6260,tec
11323,comida
9097,turismo
9391,equilibrioesaude
5415,equilibrioesaude
2916,turismo
3240,educacao
5288,empreendedorsocial
3258,equilibrioesaude
4465,ciencia
2494,sobretudo
10558,turismo
5018,educacao
1743,ciencia
4248,turismo
9702,comida
6716,tec
9712,ciencia
4679,ciencia
2955,sobretudo
1439,sobretudo
12065,turismo
3718,equilibrioesaude
3995,educacao
10509,tec
722,turismo
1014,tec
4629,equilibrioesaude
5465,tec
7981,tec
11161,tec
6858,tec
968,tec
3074,ciencia
1579,educacao
9101,turismo
9865,comida
7505,tec
2375,sobretudo
11334,tec
3578,sobretudo
11248,tec
1429,sobretudo
5693,ciencia
10010,ciencia
5484,ciencia
10333,tec
8894,educacao
1147,ciencia
3987,turismo
5506,turismo
545,empreendedorsocial
344,educacao
2134,educacao
9999,ciencia
4474,educacao
3740,tec
8898,turismo
8604,comida
924,empreendedorsocial
7526,comida
11183,comida
223,ambiente
6932,comida
6523,ciencia
942,educacao
9541,tec
2157,educacao
5036,ciencia
8226,tec
4995,educacao
510,educacao
5463,empreendedorsocial
3704,turismo
3022,ambiente
1629,equilibrioesaude
5559,comida
1098,educacao
9595,ciencia
5946,tec
1244,turismo
11497,ciencia
7514,tec
12118,ciencia
11670,turismo
12038,comida
4555,sobretudo
9431,equilibrioesaude
9579,educacao
5194,ciencia
10058,educacao
4388,turismo
788,sobretudo
4595,tec
9781,tec
8136,tec
5044,turismo
10584,ciencia
4117,educacao
4747,turismo
9244,comida
10560,tec
9466,educacao
9221,comida
2182,educacao
2661,ambiente
5052,empreendedorsocial
8776,educacao
4941,ciencia
5016,educacao
4424,sobretudo
5120,turismo
2738,empreendedorsocial
2333,equilibrioesaude
6799,comida
10398,turismo
982,tec
10715,turismo
11306,equilibrioesaude
6450,ciencia
10187,tec
10799,equilibrioesaude
1495,equilibrioesaude
10003,educacao
3835,ciencia
5081,turismo
8290,comida
5057,empreendedorsocial
4366,sobretudo
10557,tec
6895,educacao
558,sobretudo
6484,ambiente
6909,empreendedorsocial
897,comida
4320,equilibrioesaude
1418,ciencia
1705,educacao
7388,turismo
1792,turismo
11469,sobretudo
11101,educacao
428,turismo
9853,turismo
7287,tec
9057,tec
10628,educacao
4021,tec
283,ciencia
8145,tec
5451,turismo
6465,tec
1858,sobretudo
5322,empreendedorsocial
2275,turismo
6072,educacao
4148,sobretudo
7458,turismo
5636,comida
1268,sobretudo
1119,ambiente
11276,equilibrioesaude
1513,sobretudo
1914,tec
2038,equilibrioesaude
5339,equilibrioesaude
8298,tec
11674,tec
5323,educacao
2000,sobretudo
9568,empreendedorsocial
1030,sobretudo
8020,educacao
12008,turismo
7833,tec
10227,turismo
9872,tec
10393,turismo
9639,turismo
2024,ciencia
6188,tec
2588,equilibrioesaude
678,educacao
6374,educacao
8487,educacao
2891,tec
2384,ciencia
7396,tec
6766,turismo
11697,educacao
11163,tec
1472,ciencia
11985,educacao
10743,ciencia
3856,sobretudo
2937,turismo
4581,turismo
1221,sobretudo
6989,educacao
6083,empreendedorsocial
8560,tec
1585,educacao
2439,sobretudo
6542,turismo
9344,equilibrioesaude
4182,tec
997,turismo
2681,turismo
2714,turismo
6589,ciencia
3166,turismo
3746,ciencia
3130,sobretudo
2933,equilibrioesaude
6825,ciencia
3759,educacao
7426,tec
6917,tec
2462,educacao
2328,ciencia
10260,turismo
10077,turismo
5458,educacao
11023,educacao
1323,sobretudo
6627,educacao
2197,empreendedorsocial
11251,turismo
2359,ciencia
9959,educacao
9825,tec
11342,comida
8952,tec
7239,turismo
2838,educacao
7428,tec
5993,tec
12133,comida
7890,turismo
8292,comida
6706,tec
11705,tec
10886,comida
2088,educacao
6655,tec
1415,tec
4363,comida
1036,sobretudo
9604,tec
10251,turismo
4820,educacao
5110,turismo
8511,tec
11530,tec
1498,ciencia
3122,sobretudo
102,turismo
6588,educacao
1687,sobretudo
217,equilibrioesaude
8465,equilibrioesaude
835,sobretudo
4808,tec
8864,equilibrioesaude
8785,tec
11588,educacao
8908,turismo
8445,tec
11421,turismo
10404,comida
4216,equilibrioesaude
2443,sobretudo
831,educacao
10951,tec
5753,ciencia
2488,educacao
37,educacao
8600,empreendedorsocial
8810,comida
3270,educacao
7214,tec
9886,tec
6618,educacao
11801,tec
6163,educacao
9655,sobretudo
648,sobretudo
2319,turismo
12019,tec
6002,equilibrioesaude
3150,tec
2692,equilibrioesaude
10164,comida
11695,tec
9866,tec
9863,comida
1235,equilibrioesaude
1408,tec
10742,tec
3990,equilibrioesaude
66,tec
4438,sobretudo
6128,tec
6067,ciencia
1512,sobretudo
9659,tec
9063,tec
6421,empreendedorsocial
11850,ciencia
2450,ciencia
4672,equilibrioesaude
3755,equilibrioesaude
3432,sobretudo
892,ciencia
7535,tec
10757,ciencia
1419,empreendedorsocial
6550,comida
9633,comida
4971,educacao
2644,equilibrioesaude
11781,equilibrioesaude
9829,empreendedorsocial
11618,ciencia
7380,empreendedorsocial
793,sobretudo
9530,comida
5844,tec
1247,equilibrioesaude
11650,comida
4414,ambiente
1621,educacao
7427,tec
3735,educacao
11077,comida
8873,tec
581,ambiente
1846,sobretudo
4972,educacao
11764,equilibrioesaude
7439,tec
3626,equilibrioesaude
2095,ciencia
2512,ciencia
8053,turismo
1058,turismo
2593,ambiente
4599,ciencia
9860,turismo
11405,comida
3900,ciencia
6120,ciencia
3958,educacao
980,equilibrioesaude
9094,comida
10961,comida
11984,ciencia
8754,educacao
5739,turismo
11449,tec
1657,educacao
3296,empreendedorsocial
258,empreendedorsocial
5562,empreendedorsocial
5618,empreendedorsocial
5418,ciencia
7561,turismo
9260,educacao
999,turismo
9971,comida
7131,educacao
11743,comida
6147,ciencia
7823,turismo
2145,educacao
8570,turismo
6877,turismo
6641,educacao
608,ciencia
3620,turismo
8502,tec
5543,turismo
3829,tec
7524,educacao
863,sobretudo
7678,tec
6937,ciencia
6467,equilibrioesaude
9303,turismo
4841,educacao
4924,equilibrioesaude
1213,sobretudo
8539,tec
3407,empreendedorsocial
1316,sobretudo
4557,ciencia
2956,sobretudo
2533,tec
11375,ciencia
299,equilibrioesaude
3476,educacao
10342,turismo
5132,equilibrioesaude
6332,comida
548,tec
1905,turismo
6887,tec
10534,ciencia
851,ciencia
1941,sobretudo
4429,equilibrioesaude
11482,ambiente
318,sobretudo
2431,equilibrioesaude
10059,turismo
11090,tec
12091,tec
7369,educacao
1021,ambiente
1044,equilibrioesaude
7007,empreendedorsocial
5875,ciencia
12144,turismo
2454,ciencia
3721,sobretudo
953,sobretudo
11061,ciencia
7462,comida
7238,equilibrioesaude
5638,equilibrioesaude
3391,educacao
2045,equilibrioesaude
7988,tec
10673,equilibrioesaude
1324,sobretudo
4710,sobretudo
10553,educacao
11493,educacao
7020,educacao
8477,tec
6082,turismo
5295,comida
1097,turismo
2170,educacao
906,educacao
11512,educacao
3629,tec
9175,turismo
1314,equilibrioesaude
770,ambiente
4958,equilibrioesaude
5280,equilibrioesaude
5276,educacao
1684,sobretudo
10927,equilibrioesaude
9761,educacao
7854,educacao
3871,sobretudo
3610,turismo
8880,ciencia
11107,tec
1269,tec
3443,sobretudo
11369,turismo
1801,ciencia
6672,turismo
9519,turismo
7395,comida
3446,sobretudo
6442,ciencia
1907,turismo
8358,empreendedorsocial
2995,ciencia
8196,equilibrioesaude
4578,turismo
7311,empreendedorsocial
7048,educacao
9915,tec
3981,sobretudo
9828,educacao
7298,educacao
8299,tec
9195,tec
977,equilibrioesaude
8075,tec
2438,educacao
6296,tec
7270,educacao
7686,turismo
10861,educacao
2594,equilibrioesaude
7425,educacao
10966,tec
5252,ciencia
6052,turismo
11102,turismo
3547,equilibrioesaude
9652,equilibrioesaude
9507,turismo
4051,educacao
7343,turismo
5050,educacao
7540,educacao
701,equilibrioesaude
2167,turismo
6298,educacao
2309,educacao
1099,turismo
10475,comida
1525,equilibrioesaude
6209,educacao
5370,ciencia
5300,turismo
6074,empreendedorsocial
2037,ciencia
6991,equilibrioesaude
6207,educacao
10635,tec
231,equilibrioesaude
4064,sobretudo
11397,tec
7503,equilibrioesaude
10667,educacao
9246,educacao
2613,ciencia
6456,educacao
11116,tec
6687,turismo
4651,educacao
7916,ciencia
10078,tec
7604,sobretudo
3602,turismo
2149,ambiente
3061,sobretudo
7059,educacao
7737,tec
10699,equilibrioesaude
9550,educacao
5074,equilibrioesaude
2209,sobretudo
7295,comida
7803,turismo
1068,empreendedorsocial
8352,tec
8070,turismo
7315,equilibrioesaude
10993,comida
8509,comida
3007,turismo
3844,equilibrioesaude
6610,tec
4678,educacao
8688,tec
5745,tec
1100,turismo
6327,empreendedorsocial
8219,educacao
7995,ciencia
2537,equilibrioesaude
3627,turismo
10042,turismo
3841,tec
5190,empreendedorsocial
4500,turismo
2267,equilibrioesaude
11919,tec
616,empreendedorsocial
270,turismo
50,tec
8583,turismo
9877,comida
2808,turismo
10685,educacao
7062,educacao
3478,empreendedorsocial
3786,tec
291,turismo
7613,tec
11918,tec
2050,turismo
10850,tec
9963,educacao
6552,tec
1176,ciencia
9425,ambiente
7459,tec
6645,turismo
4613,equilibrioesaude
4597,turismo
11524,comida
3554,empreendedorsocial
426,turismo
24,sobretudo
694,tec
9190,educacao
11916,tec
11479,educacao
3973,educacao
1334,sobretudo
5261,educacao
8421,turismo
5937,empreendedorsocial
20,sobretudo
7843,tec
10725,educacao
1974,tec
2746,ciencia
10830,turismo
10236,turismo
3853,ciencia
238,sobretudo
6326,educacao
2940,educacao
4277,sobretudo
10612,comida
2708,empreendedorsocial
9741,educacao
5185,educacao
11171,ciencia
7564,educacao
11053,comida
4903,ciencia
4818,turismo
8768,educacao
3870,sobretudo
10770,tec
8004,tec
4754,ciencia
3006,equilibrioesaude
4920,equilibrioesaude
2794,ciencia
6581,comida
10941,ciencia
1592,turismo
11444,educacao
1,ambiente
174,ciencia
3916,turismo
4753,tec
2906,turismo
848,equilibrioesaude
342,turismo
9837,educacao
2312,educacao
9081,tec
10589,tec
10113,empreendedorsocial
9189,equilibrioesaude
2624,ciencia
3694,sobretudo
10917,ciencia
91,sobretudo
597,equilibrioesaude
125,sobretudo
96,educacao
8956,equilibrioesaude
4119,equilibrioesaude
883,ambiente
6647,turismo
11687,turismo
9883,educacao
1072,equilibrioesaude
2697,empreendedorsocial
3806,educacao
844,educacao
9748,equilibrioesaude
6406,equilibrioesaude
6633,educacao
10365,tec
10045,educacao
7169,equilibrioesaude
5379,tec
8817,tec
11578,ciencia
7635,tec
4550,sobretudo
2383,sobretudo
5809,turismo
186,sobretudo
5836,comida
868,educacao
5100,educacao
5260,educacao
9119,turismo
9398,ambiente
4236,sobretudo
6724,ciencia
8814,comida
3550,turismo
8037,tec
6021,educacao
732,sobretudo
1017,educacao
11965,ciencia
224,empreendedorsocial
7240,equilibrioesaude
5197,educacao
5258,educacao
11182,comida
8954,tec
909,tec
11131,tec
6703,turismo
1382,equilibrioesaude
739,ciencia
2779,equilibrioesaude
12033,educacao
6087,turismo
12116,ambiente
9454,empreendedorsocial
11216,tec
4715,sobretudo
7834,equilibrioesaude
11179,ciencia
7924,educacao
10069,educacao
4211,equilibrioesaude
925,empreendedorsocial
11638,educacao
11772,educacao
1340,sobretudo
7217,tec
4862,equilibrioesaude
11039,comida
3625,ciencia
11201,comida
10710,equilibrioesaude
4072,sobretudo
7302,equilibrioesaude
8975,tec
1899,turismo
8403,tec
11807,tec
4244,sobretudo
114,turismo
6444,equilibrioesaude
8436,comida
9658,educacao
7174,turismo
3695,educacao
12109,tec
9662,sobretudo
3431,sobretudo
9666,tec
282,ciencia
3066,sobretudo
5771,equilibrioesaude
4470,educacao
3386,turismo
10507,educacao
1908,turismo
1225,comida
3533,comida
4293,tec
1750,ciencia
10920,educacao
11880,turismo
10894,tec
9937,tec
10154,tec
1562,empreendedorsocial
243,ciencia
8170,educacao
4268,turismo
5669,educacao
5994,ciencia
8780,turismo
1815,equilibrioesaude
3834,equilibrioesaude
7859,educacao
6872,turismo
8211,educacao
7568,turismo
3997,ciencia
10713,sobretudo
4124,ciencia
1063,empreendedorsocial
3138,sobretudo
4722,tec
169,sobretudo
6736,tec
10444,ciencia
5865,comida
9958,equilibrioesaude
4624,sobretudo
4561,equilibrioesaude
9381,turismo
1196,sobretudo
8036,ciencia
10346,educacao
4222,comida
8947,ciencia
4988,equilibrioesaude
3928,educacao
10842,tec
5157,equilibrioesaude
3094,turismo
5329,tec
2096,ciencia
5654,equilibrioesaude
4670,turismo
3663,sobretudo
7367,ciencia
1306,empreendedorsocial
1778,educacao
7340,empreendedorsocial
315,sobretudo
9585,educacao
874,educacao
2076,ciencia
100,empreendedorsocial
2726,educacao
9088,ciencia
10950,educacao
7979,tec
9301,equilibrioesaude
6997,ciencia
5940,empreendedorsocial
3839,ambiente
10728,comida
4943,empreendedorsocial
7728,educacao
10080,educacao
2832,turismo
8936,tec
5620,turismo
5069,equilibrioesaude
11132,tec
642,ciencia
133,comida
2713,turismo
4384,equilibrioesaude
8427,tec
5491,ciencia
6085,tec
5567,educacao
2923,equilibrioesaude
10974,turismo
3190,educacao
5218,turismo
7126,empreendedorsocial
10515,turismo
8535,tec
2764,sobretudo
5686,equilibrioesaude
2261,equilibrioesaude
9523,educacao
2851,turismo
9680,sobretudo
1278,equilibrioesaude
6148,equilibrioesaude
6920,educacao
9430,educacao
11058,ciencia
4523,educacao
4585,ciencia
5215,empreendedorsocial
1065,ciencia
901,turismo
3858,educacao
5459,empreendedorsocial
9006,turismo
2800,ciencia
5048,ciencia
3088,educacao
12064,tec
9995,educacao
4573,empreendedorsocial
8731,educacao
2097,empreendedorsocial
7105,equilibrioesaude
9808,educacao
3102,turismo
5790,equilibrioesaude
7588,equilibrioesaude
11660,tec
7133,comida
4756,equilibrioesaude
1249,tec
8765,equilibrioesaude
9025,equilibrioesaude
3598,empreendedorsocial
292,turismo
10707,tec
10228,tec
6036,tec
7289,educacao
6808,comida
10289,tec
1141,empreendedorsocial
3545,equilibrioesaude
7767,turismo
2753,empreendedorsocial
1473,ciencia
5485,ciencia
2929,educacao
3026,equilibrioesaude
9075,comida
2966,sobretudo
9259,educacao
8344,tec
10704,comida
6874,turismo
7484,turismo
4440,sobretudo
9869,tec
6471,turismo
1819,empreendedorsocial
8605,tec
3645,educacao
823,tec
12071,educacao
9740,tec
2840,empreendedorsocial
11798,tec
682,turismo
9562,tec
5676,turismo
8891,tec
1972,tec
10438,tec
2125,ciencia
11378,tec
5131,educacao
11659,tec
5316,tec
6394,turismo
9955,educacao
12018,sobretudo
10198,equilibrioesaude
10859,turismo
7740,educacao
201,sobretudo
3106,ciencia
4853,tec
490,turismo
2961,sobretudo
5430,tec
6366,empreendedorsocial
7601,turismo
6543,equilibrioesaude
400,tec
2817,equilibrioesaude
5583,ciencia
8008,comida
88,sobretudo
7089,empreendedorsocial
3481,educacao
4667,empreendedorsocial
8035,comida
4109,educacao
8247,sobretudo
7480,turismo
10018,tec
2039,ciencia
7170,turismo
3564,educacao
4632,ciencia
11393,comida
3790,tec
472,educacao
5664,tec
11339,educacao
111,turismo
4177,tec
6114,equilibrioesaude
11383,tec
2770,sobretudo
6399,turismo
2090,educacao
9227,empreendedorsocial
3030,ambiente
4867,sobretudo
10033,educacao
10308,tec
3295,turismo
8576,educacao
1648,turismo
61,turismo
11330,comida
1723,ambiente
5139,educacao
8755,turismo
521,educacao
9390,educacao
1231,educacao
11360,tec
5516,equilibrioesaude
4013,turismo
12121,tec
8823,turismo
10248,educacao
1200,sobretudo
98,empreendedorsocial
8076,tec
6596,educacao
886,turismo
610,equilibrioesaude
1165,tec
4861,sobretudo
4197,equilibrioesaude
10669,equilibrioesaude
9771,comida
3172,empreendedorsocial
11972,tec
6903,turismo
2019,educacao
10998,turismo
8222,equilibrioesaude
9967,tec
11462,tec
11853,equilibrioesaude
1843,sobretudo
9873,ambiente
9846,tec
4260,educacao
5660,tec
3126,sobretudo
4186,equilibrioesaude
2722,ciencia
11565,ciencia
7235,educacao
7522,ciencia
10488,equilibrioesaude
705,ambiente
5903,tec
3184,educacao
2689,educacao
1957,turismo
2051,equilibrioesaude
7231,educacao
1873,turismo
620,equilibrioesaude
1013,tec
11001,sobretudo
7327,empreendedorsocial
8939,turismo
6145,ciencia
5428,empreendedorsocial
10501,educacao
8180,comida
1961,tec
10019,educacao
4473,educacao
9747,equilibrioesaude
5853,equilibrioesaude
204,turismo
7342,educacao
7205,educacao
1319,sobretudo
1411,sobretudo
5767,empreendedorsocial
8232,tec
3952,educacao
1020,equilibrioesaude
11030,equilibrioesaude
5140,ambiente
3278,educacao
8343,comida
5474,empreendedorsocial
1877,tec
6130,tec
5091,equilibrioesaude
3976,sobretudo
3247,educacao
6779,ciencia
9086,empreendedorsocial
2241,turismo
8175,educacao
2525,turismo
5619,tec
3289,equilibrioesaude
5971,empreendedorsocial
766,tec
11947,tec
12047,tec
6847,turismo
4912,turismo
945,sobretudo
7822,empreendedorsocial
2577,tec
6263,turismo
7942,tec
0,tec
2413,educacao
5956,turismo
677,comida
10678,ciencia
5540,turismo
6315,educacao
5653,turismo
4088,tec
9833,ciencia
9896,comida
3631,tec
4016,educacao
2402,turismo
3242,educacao
7730,comida
229,empreendedorsocial
2318,tec
9291,ciencia
11464,tec
583,equilibrioesaude
6527,empreendedorsocial
2892,ciencia
11150,tec
9488,comida
6168,empreendedorsocial
4233,equilibrioesaude
3513,sobretudo
11261,turismo
2706,educacao
4727,educacao
459,sobretudo
5919,tec
54,turismo
7288,tec
4073,sobretudo
7337,educacao
749,equilibrioesaude
5658,tec
5375,turismo
350,turismo
3271,tec
5124,equilibrioesaude
9457,educacao
10300,turismo
10611,comida
7758,equilibrioesaude
6735,ciencia
73,ciencia
2901,sobretudo
9028,educacao
5885,turismo
4798,ciencia
3124,sobretudo
5786,equilibrioesaude
8188,tec
10214,comida
11680,turismo
1223,sobretudo
10460,empreendedorsocial
6100,educacao
9522,empreendedorsocial
6575,turismo
5107,educacao
4947,educacao
8183,sobretudo
6623,turismo
5371,empreendedorsocial
3155,educacao
5742,equilibrioesaude
2728,tec
11466,tec
1759,equilibrioesaude
519,equilibrioesaude
7858,equilibrioesaude
2405,turismo
11333,ciencia
1927,tec
460,sobretudo
12022,turismo
301,empreendedorsocial
7206,tec
11480,tec
10649,tec
7416,comida
12052,tec
7717,tec
7080,turismo
3248,educacao
7829,tec
938,educacao
2978,ambiente
641,sobretudo
9944,turismo
10021,educacao
10934,equilibrioesaude
853,turismo
1045,sobretudo
10281,turismo
5409,empreendedorsocial
4518,ciencia
6915,educacao
7625,educacao
8396,ambiente
3558,ambiente
7308,equilibrioesaude
8606,equilibrioesaude
1157,turismo
5020,equilibrioesaude
6029,comida
995,turismo
7990,tec
10074,turismo
6972,educacao
2392,empreendedorsocial
2109,turismo
7097,comida
1493,turismo
1902,ciencia
7887,turismo
211,turismo
2897,educacao
9724,ciencia
6249,equilibrioesaude
4039,educacao
9583,turismo
4967,tec
6829,tec
4218,turismo
8321,turismo
5651,comida
10424,turismo
23,sobretudo
5828,empreendedorsocial
3922,equilibrioesaude
11929,turismo
5833,ciencia
10085,ciencia
5760,equilibrioesaude
3805,ciencia
8103,tec
9835,tec
4380,ciencia
5600,tec
10,sobretudo
5136,turismo
960,tec
11084,tec
7304,turismo
7954,tec
6140,educacao
9743,comida
9870,educacao
11701,sobretudo
9532,comida
3112,equilibrioesaude
1374,sobretudo
1933,equilibrioesaude
2130,educacao
3234,sobretudo
976,comida
5243,educacao
11166,ciencia
855,turismo
2676,tec
9299,educacao
1437,sobretudo
3251,educacao
10953,educacao
527,sobretudo
836,educacao
11520,comida
11273,tec
8346,educacao
10426,turismo
9483,empreendedorsocial
4910,turismo
10229,comida
2198,equilibrioesaude
4521,tec
9045,tec
9002,educacao
11696,comida
8552,tec
3528,tec
7845,tec
4889,empreendedorsocial
6529,tec
4952,equilibrioesaude
2104,turismo
3113,tec
10224,comida
423,turismo
1544,equilibrioesaude
1261,educacao
11046,ciencia
4724,tec
6110,tec
11295,ciencia
9153,tec
3725,turismo
308,empreendedorsocial
8602,comida
7965,turismo
3392,equilibrioesaude
2373,ciencia
4980,turismo
10591,educacao
6193,tec
5212,equilibrioesaude
7939,turismo
10126,tec
9289,ciencia
8809,equilibrioesaude
12103,ciencia
8312,turismo
4464,equilibrioesaude
4894,empreendedorsocial
865,turismo
8878,equilibrioesaude
6900,empreendedorsocial
8672,turismo
9415,comida
11373,educacao
10590,equilibrioesaude
3801,equilibrioesaude
6590,educacao
7721,turismo
5966,ciencia
5320,educacao
1353,equilibrioesaude
6436,tec
11944,tec
9308,turismo
9328,ciencia
936,ciencia
6301,ciencia
1763,turismo
9620,educacao
10632,tec
11909,comida
1735,tec
692,equilibrioesaude
5171,educacao
3304,equilibrioesaude
11935,tec
5589,equilibrioesaude
1553,ciencia
2372,ciencia
2736,educacao
7552,equilibrioesaude
10279,educacao
7888,turismo
6042,tec
3823,turismo
10091,tec
348,ambiente
9906,ciencia
7137,educacao
8124,equilibrioesaude
1476,turismo
3510,turismo
5253,tec
9282,tec
3346,ciencia
7920,equilibrioesaude
11080,comida
2071,sobretudo
355,turismo
6322,educacao
11328,comida
11154,comida
5473,turismo
1004,equilibrioesaude
4178,tec
965,ambiente
7594,educacao
9627,educacao
6404,tec
10724,educacao
1203,sobretudo
10178,tec
466,equilibrioesaude
11584,tec
9737,educacao
6638,educacao
8716,tec
390,sobretudo
1613,sobretudo
8904,turismo
6787,tec
4190,turismo
1611,sobretudo
7817,ciencia
11387,tec
7449,educacao
5675,turismo
9614,educacao
9502,turismo
8950,tec
1001,ambiente
7004,empreendedorsocial
8389,tec
7292,comida
7142,educacao
5248,empreendedorsocial
7778,educacao
937,ciencia
6317,turismo
7862,tec
4383,ciencia
9950,tec
2912,turismo
7081,turismo
9905,educacao
209,turismo
2430,empreendedorsocial
11901,tec
2440,sobretudo
388,empreendedorsocial
5153,tec
1187,educacao
7897,turismo
2218,equilibrioesaude
2175,ciencia
8786,educacao
2679,equilibrioesaude
1784,educacao
5950,tec
4210,equilibrioesaude
6328,comida
1695,sobretudo
12125,equilibrioesaude
8063,tec
7530,tec
474,equilibrioesaude
8143,tec
25,sobretudo
5024,equilibrioesaude
2184,equilibrioesaude
4962,educacao
8032,ciencia
4616,sobretudo
1651,turismo
93,ciencia
8911,turismo
11265,equilibrioesaude
9340,tec
1779,empreendedorsocial
7652,educacao
5067,educacao
9397,equilibrioesaude
10787,ciencia
11054,educacao
7558,comida
5213,tec
2193,ciencia
5101,tec
1185,educacao
3752,comida
128,tec
7429,equilibrioesaude
8728,tec
1799,tec
11603,ciencia
4409,turismo
10358,comida
3934,turismo
7012,educacao
10382,equilibrioesaude
2520,empreendedorsocial
10901,tec
150,empreendedorsocial
10554,turismo
6146,turismo
10526,educacao
159,ambiente
1242,turismo
1339,sobretudo
11403,ciencia
4455,equilibrioesaude
10636,equilibrioesaude
6040,comida
7955,turismo
761,tec
2271,equilibrioesaude
5747,turismo
8819,empreendedorsocial
1029,equilibrioesaude
9077,equilibrioesaude
10264,turismo
5953,tec
1851,sobretudo
10491,tec
10265,tec
2582,educacao
4378,equilibrioesaude
7809,tec
7344,educacao
10372,equilibrioesaude
3423,educacao
8485,tec
3496,tec
8778,turismo
5692,ciencia
7763,tec
10651,tec
8534,tec
5103,educacao
9783,educacao
4783,sobretudo
6138,turismo
7236,educacao
10246,ciencia
7489,tec
1216,sobretudo
3822,educacao
5882,turismo
5247,empreendedorsocial
7180,turismo
6134,turismo
6112,tec
4113,educacao
2819,tec
11359,ciencia
5925,educacao
3358,ciencia
1215,sobretudo
5668,tec
8843,turismo
3991,educacao
782,ciencia
10816,comida
7104,tec
696,ciencia
7038,educacao
11806,tec
11994,educacao
1179,equilibrioesaude
1387,turismo
10478,educacao
12087,comida
7874,comida
6459,educacao
9852,turismo
1365,equilibrioesaude
8703,ciencia
1568,sobretudo
5850,equilibrioesaude
4759,tec
8128,turismo
12083,educacao
232,comida
5726,equilibrioesaude
5817,turismo
7212,turismo
11669,tec
6272,educacao
9528,tec
7607,educacao
3773,equilibrioesaude
4029,ciencia
5094,tec
11088,tec
4686,ciencia
6712,tec
8792,educacao
4166,sobretudo
11490,ciencia
9422,turismo
8705,tec
10600,ciencia
9574,tec
6268,educacao
1580,ciencia
10428,turismo
5274,educacao
9261,ciencia
2069,sobretudo
108,ciencia
8474,turismo
9819,educacao
8736,ciencia
3213,empreendedorsocial
5137,educacao
1812,tec
3857,equilibrioesaude
11470,sobretudo
8413,tec
11299,ciencia
3832,empreendedorsocial
470,empreendedorsocial
10749,tec
9981,tec
6190,comida
12082,equilibrioesaude
8089,tec
206,turismo
751,empreendedorsocial
3253,educacao
7018,turismo
4776,sobretudo
7322,educacao
7902,turismo
3164,turismo
2398,educacao
11313,tec
5887,tec
8984,tec
4520,equilibrioesaude
5525,tec
5142,educacao
2571,equilibrioesaude
8074,tec
8452,tec
9857,ciencia
8955,tec
6013,equilibrioesaude
5303,equilibrioesaude
8218,educacao
1690,sobretudo
330,sobretudo
6782,ciencia
910,tec
4730,empreendedorsocial
3170,educacao
8107,tec
8875,tec
353,turismo
2308,educacao
5590,turismo
3366,ambiente
4000,ciencia
6164,turismo
8607,tec
8328,equilibrioesaude
2259,tec
11085,tec
606,educacao
2211,tec
11345,tec
6216,educacao
8016,educacao
9078,educacao
1770,sobretudo
6519,educacao
8476,turismo
1346,equilibrioesaude
6491,ciencia
4779,turismo
7830,turismo
366,ambiente
11925,turismo
5311,educacao
5818,equilibrioesaude
9264,tec
7801,turismo
4415,equilibrioesaude
7683,turismo
11349,turismo
9001,equilibrioesaude
3864,sobretudo
4771,turismo
747,ciencia
11133,educacao
6001,equilibrioesaude
3235,sobretudo
3873,educacao
3221,tec
3948,equilibrioesaude
5968,tec
3040,educacao
7113,educacao
3,educacao
812,turismo
3767,sobretudo
8800,educacao
11243,tec
8371,turismo
11628,equilibrioesaude
7430,empreendedorsocial
1663,empreendedorsocial
8798,educacao
3310,equilibrioesaude
6611,equilibrioesaude
4084,tec
11699,educacao
767,equilibrioesaude
4402,turismo
5498,turismo
4785,sobretudo
2869,sobretudo
11177,tec
1322,educacao
10250,educacao
7431,turismo
5777,equilibrioesaude
244,ciencia
11426,sobretudo
6373,ciencia
1358,turismo
10230,ciencia
2775,sobretudo
7383,turismo
3116,ambiente
10739,educacao
3985,sobretudo
4778,sobretudo
11103,turismo
8684,tec
10874,comida
5973,educacao
3498,ciencia
4860,sobretudo
951,equilibrioesaude
5671,comida
5360,equilibrioesaude
11430,comida
126,turismo
8307,educacao
6478,comida
7679,turismo
5088,comida
4427,tec
4228,educacao
9071,educacao
11951,educacao
8821,tec
5839,equilibrioesaude
2002,sobretudo
3318,empreendedorsocial
3862,educacao
7996,ciencia
11316,tec
8287,tec
1953,equilibrioesaude
7575,turismo
8133,tec
12137,comida
4533,equilibrioesaude
5385,educacao
6943,tec
6603,educacao
6601,tec
3114,ciencia
9498,tec
2046,educacao
3048,sobretudo
813,turismo
2409,ambiente
3955,educacao
9356,educacao
1939,empreendedorsocial
736,ambiente
6685,ciencia
11551,turismo
11716,turismo
5521,empreendedorsocial
5902,tec
10841,educacao
939,empreendedorsocial
10620,turismo
3707,turismo
2317,ciencia
7927,educacao
11962,educacao
795,sobretudo
9338,empreendedorsocial
10959,ciencia
12073,equilibrioesaude
9436,educacao
1870,turismo
8365,turismo
2896,equilibrioesaude
6105,educacao
7527,turismo
10420,ciencia
2260,ciencia
419,ambiente
10323,equilibrioesaude
230,ciencia
7899,ciencia
6347,ambiente
1207,sobretudo
9098,tec
798,educacao
5348,educacao
1292,ciencia
5788,ciencia
7467,sobretudo
1615,sobretudo
7196,educacao
513,sobretudo
6084,tec
6057,empreendedorsocial
7776,ciencia
541,equilibrioesaude
2114,empreendedorsocial
2666,sobretudo
11678,ciencia
6010,equilibrioesaude
6680,tec
9324,tec
3559,educacao
2859,sobretudo
7370,empreendedorsocial
360,ambiente
236,sobretudo
3355,ciencia
9166,educacao
5483,ciencia
9909,equilibrioesaude
5901,empreendedorsocial
11123,tec
12036,tec
115,ambiente
11114,tec
7163,tec
146,tec
10322,comida
6733,equilibrioesaude
3727,turismo
11979,educacao
8235,ciencia
3459,educacao
4075,turismo
724,educacao
2551,equilibrioesaude
2861,sobretudo
1938,equilibrioesaude
2875,turismo
5580,empreendedorsocial
2196,ciencia
2515,ciencia
6144,educacao
4334,equilibrioesaude
3672,equilibrioesaude
10815,tec
1654,equilibrioesaude
5237,educacao
138,educacao
5292,turismo
5713,empreendedorsocial
2864,educacao
8750,ciencia
1515,sobretudo
4534,turismo
1166,equilibrioesaude
11255,educacao
11750,educacao
2917,ciencia
2035,turismo
10140,turismo
1377,sobretudo
11934,equilibrioesaude
12074,equilibrioesaude
28,sobretudo
9240,comida
10819,ciencia
12098,ciencia
2560,tec
4077,equilibrioesaude
1256,equilibrioesaude
10701,comida
1015,tec
1726,turismo
6384,educacao
3268,ciencia
9110,tec
11494,equilibrioesaude
1711,equilibrioesaude
5508,equilibrioesaude
5807,turismo
9468,equilibrioesaude
4434,sobretudo
818,ambiente
3285,turismo
4239,sobretudo
5114,turismo
8525,tec
7438,tec
1412,equilibrioesaude
2573,equilibrioesaude
2112,turismo
6306,tec
2280,empreendedorsocial
6202,educacao
2075,tec
11760,educacao
2527,turismo
7726,comida
4532,tec
8544,turismo
60,turismo
11542,ciencia
4631,equilibrioesaude
2847,equilibrioesaude
1217,sobretudo
11285,tec
10914,ciencia
9406,turismo
103,tec
1128,tec
2363,turismo
4226,ciencia
9131,tec
10817,ciencia
8887,tec
4453,sobretudo
587,turismo
6635,educacao
6381,tec
11591,equilibrioesaude
6440,tec
6431,tec
8392,comida
376,tec
4732,ciencia
6693,tec
11280,educacao
4503,equilibrioesaude
7959,turismo
11774,educacao
9571,turismo
5991,equilibrioesaude
3791,ciencia
4544,sobretudo
6924,equilibrioesaude
11540,ciencia
11661,educacao
11208,comida
9983,educacao
9628,tec
11252,ciencia
469,turismo
7253,empreendedorsocial
787,sobretudo
2388,empreendedorsocial
2282,equilibrioesaude
6423,ambiente
2860,ciencia
8407,tec
9613,tec
526,sobretudo
4696,turismo
11988,educacao
3252,educacao
10343,turismo
11057,equilibrioesaude
10798,turismo
6913,educacao
862,empreendedorsocial
10653,tec
1455,sobretudo
8349,ciencia
2616,empreendedorsocial
10956,ciencia
11289,tec
